{"cameraMode":{"drawMode":0,"name":"Shaded","section":"Shading Mode"},"sceneLighting":false,"audioPlay":false,"sceneViewState":{"showFog":true,"showMaterialUpdate":false,"showSkybox":false,"showFlares":true,"showImageEffects":true,"showParticleSystems":true},"in2DMode":false,"pivot":{"x":-0.3854355812072754,"y":-0.3374645709991455,"z":-0.025533974170684816},"rotation":{"x":-0.16369420289993287,"y":0.6534336805343628,"z":-0.14770585298538209,"w":-0.7241678237915039},"size":1.7017490863800049,"orthographic":false}