{"cameraMode":{"drawMode":0,"name":"Shaded","section":"Shading Mode"},"sceneLighting":false,"audioPlay":false,"sceneViewState":{"showFog":true,"showMaterialUpdate":false,"showSkybox":false,"showFlares":true,"showImageEffects":true,"showParticleSystems":true},"in2DMode":false,"pivot":{"x":2.9802322387695315e-8,"y":0.800000011920929,"z":-5.960464477539063e-8},"rotation":{"x":-0.02484581246972084,"y":-0.9549151659011841,"z":0.08358336240053177,"w":-0.28380826115608218},"size":0.8573215007781982,"orthographic":false}