{"cameraMode":{"drawMode":0,"name":"Shaded","section":"Shading Mode"},"sceneLighting":false,"audioPlay":false,"sceneViewState":{"showFog":true,"showMaterialUpdate":false,"showSkybox":false,"showFlares":true,"showImageEffects":true,"showParticleSystems":true},"in2DMode":false,"pivot":{"x":5.960464477539063e-8,"y":1.3799998760223389,"z":-1.1920928955078126e-7},"rotation":{"x":-0.36609509587287905,"y":-0.12314517796039581,"z":0.048939287662506106,"w":-0.9211025238037109},"size":1.5309312343597413,"orthographic":false}