{"cameraMode":{"drawMode":0,"name":"Shaded","section":"Shading Mode"},"sceneLighting":false,"audioPlay":false,"sceneViewState":{"showFog":true,"showMaterialUpdate":false,"showSkybox":false,"showFlares":true,"showImageEffects":true,"showParticleSystems":true},"in2DMode":false,"pivot":{"x":25.337472915649415,"y":6.332103729248047,"z":-7.011974334716797},"rotation":{"x":-0.005463873036205769,"y":-0.7144752144813538,"z":0.005578722804784775,"w":-0.6996203660964966},"size":15.91381549835205,"orthographic":false}